RMSE,MAE
17.02465982229559,11.8383869959786
