RMSE,MAE
16.382419008032524,11.286330265436572
